{"BootReason":"RemoteReset","TierModel":{"configuration":{"versions":[{"components":[{"componentName":"","instances":[{"componentInstance":"","variables":[{"instances":[{"values":[{"value":"32"}],"variableInstance":""}],"variableName":"ChargeProfileMaxStackLevel"},{"instances":[{"values":[{"value":"true"}],"variableInstance":""}],"variableName":"LocalAuthorizeOffline"},{"instances":[{"values":[{"value":"1"}],"variableInstance":""}],"variableName":"LocalAuthListEnabled"},{"instances":[{"values":[{"value":"true"}],"variableInstance":""}],"variableName":"AllowOfflineTxForUnknownId"},{"instances":[{"values":[{"value":"true"}],"variableInstance":""}],"variableName":"StopTransactionOnInvalidId"},{"instances":[{"values":[{"value":"true"}],"variableInstance":""}],"variableName":"AuthorizeRemoteTxRequests"},{"instances":[{"values":[{"value":"100"}],"variableInstance":""}],"variableName":"TransactionMessageRetryInterval"},{"instances":[{"values":[{"value":"128"}],"variableInstance":""}],"variableName":"GetConfigurationMaxKeys"},{"instances":[{"values":[{"value":""}],"variableInstance":""}],"variableName":"StopTxnSampledData"},{"instances":[{"values":[{"value":"0"}],"variableInstance":""}],"variableName":"ClockAlignedDataInterval"},{"instances":[{"values":[{"value":"30"}],"variableInstance":""}],"variableName":"MeterValueSampleInterval"},{"instances":[{"values":[{"value":"128"}],"variableInstance":""}],"variableName":"MaxChargingProfilesInstalled"},{"instances":[{"values":[{"value":"Energy.Active.Import.Register,Current.Import,Voltage"}],"variableInstance":""}],"variableName":"MeterValuesAlignedData"},{"instances":[{"values":[{"value":"128"}],"variableInstance":""}],"variableName":"SendLocalListMaxLength"},{"instances":[{"values":[{"value":"true"}],"variableInstance":""}],"variableName":"StopTransactionOnEVSideDisconnect"},{"instances":[{"values":[{"value":"15"}],"variableInstance":""}],"variableName":"WebSocketPingInterval"},{"instances":[{"values":[{"value":"100"}],"variableInstance":""}],"variableName":"ResetRetries"},{"instances":[{"values":[{"value":"true"}],"variableInstance":""}],"variableName":"UnlockConnectorOnEVSideDisconnect"},{"instances":[{"values":[{"value":"18000"}],"variableInstance":""}],"variableName":"HeartbeatInterval"},{"instances":[{"values":[{"value":"0"}],"variableInstance":""}],"variableName":"SecurityProfile"},{"instances":[{"values":[{"value":"1"}],"variableInstance":""}],"variableName":"NumberOfConnectors"},{"instances":[{"values":[{"value":""}],"variableInstance":""}],"variableName":"AuthorizationKey"},{"instances":[{"values":[{"value":"1"}],"variableInstance":""}],"variableName":"LocalPreAuthorize"},{"instances":[{"values":[{"value":"16"}],"variableInstance":""}],"variableName":"LocalAuthListMaxLength"},{"instances":[{"values":[{"value":"100"}],"variableInstance":""}],"variableName":"TransactionMessageAttempts"},{"instances":[{"values":[{"value":""}],"variableInstance":""}],"variableName":"StopTxnAlignedData"},{"instances":[{"values":[{"value":"1"}],"variableInstance":""}],"variableName":"AuthorizationCacheEnabled"},{"instances":[{"values":[{"value":"128"}],"variableInstance":""}],"variableName":"ChargingScheduleMaxPeriods"},{"instances":[{"values":[{"value":"Energy.Active.Import.Register,Current.Import,Voltage"}],"variableInstance":""}],"variableName":"MeterValuesSampledData"},{"instances":[{"values":[{"value":"1.NotApplicable"}],"variableInstance":""}],"variableName":"ConnectorPhaseRotation"},{"instances":[{"values":[{"value":"Core,FirmwareManagement,LocalAuthListManagement,SmartCharging,RemoteTrigger"}],"variableInstance":""}],"variableName":"SupportedFeatureProfiles"},{"instances":[{"values":[{"value":"60"}],"variableInstance":""}],"variableName":"ConnectionTimeOut"},{"instances":[{"values":[{"value":"Current"}],"variableInstance":""}],"variableName":"ChargingScheduleAllowedChargingRateUnit"}]}]}],"version":"1.6"},{"components":[{"componentName":"SampledDataCtrlr","instances":[{"componentInstance":"","variables":[{"instances":[{"values":[{"value":"1"}],"variableInstance":""}],"variableName":"Enabled"},{"instances":[{"values":[{"value":"Energy.Active.Import.Register"}],"variableInstance":""}],"variableName":"TxEndedMeasurands"},{"instances":[{"values":[{"value":"Energy.Active.Import.Register"}],"variableInstance":""}],"variableName":"TxStartedMeasurands"},{"instances":[{"values":[{"value":"Energy.Active.Import.Register"}],"variableInstance":""}],"variableName":"TxUpdatedMeasurands"},{"instances":[{"values":[{"value":"0"}],"variableInstance":""}],"variableName":"TxEndedInterval"},{"instances":[{"values":[{"value":"1"}],"variableInstance":""}],"variableName":"Available"},{"instances":[{"values":[{"value":"300"}],"variableInstance":""}],"variableName":"TxUpdatedInterval"}]}]},{"componentName":"SecurityCtrlr","instances":[{"componentInstance":"","variables":[{"instances":[{"values":[{"value":""}],"variableInstance":""}],"variableName":"BasicAuthPassword"},{"instances":[{"values":[{"value":""}],"variableInstance":""}],"variableName":"Identity"}]}]},{"componentName":"OCPPCommCtrlr","instances":[{"componentInstance":"","variables":[{"instances":[{"values":[{"value":"3"}],"variableInstance":""}],"variableName":"NetworkProfileConnectionAttempts"},{"instances":[{"values":[{"value":"5"}],"variableInstance":""}],"variableName":"RetryBackOffWaitMinimum"},{"instances":[{"values":[{"value":"0"}],"variableInstance":""}],"variableName":"ResetRetries"},{"instances":[{"values":[{"value":"60"}],"variableInstance":""}],"variableName":"HeartbeatInterval"},{"instances":[{"values":[{"value":"5"}],"variableInstance":""}],"variableName":"RetryBackOffRandomRange"},{"instances":[{"values":[{"value":""}],"variableInstance":""}],"variableName":"NetworkConfigurationPriority"},{"instances":[{"values":[{"value":""}],"variableInstance":""}],"variableName":"FileTransferProtocols"},{"instances":[{"values":[{"value":"3"}],"variableInstance":""}],"variableName":"RetryBackOffRepeatTimes"},{"instances":[{"values":[{"value":"1"}],"variableInstance":""}],"variableName":"UnlockOnEVSideDisconnect"},{"instances":[{"values":[{"value":"15"}],"variableInstance":"TransactionEvent"}],"variableName":"MessageAttemptInterval"},{"instances":[{"values":[{"value":"3"}],"variableInstance":"TransactionEvent"}],"variableName":"MessageAttempts"},{"instances":[{"values":[{"value":"30"}],"variableInstance":""}],"variableName":"OfflineThreshold"}]}]},{"componentName":"SmartChargingCtrlr","instances":[{"componentInstance":"","variables":[{"instances":[{"values":[{"value":"0"}],"variableInstance":""}],"variableName":"Phases3to1"},{"instances":[{"values":[{"value":"1"}],"variableInstance":""}],"variableName":"Enabled"},{"instances":[{"values":[{"value":"10"}],"variableInstance":""}],"variableName":"PeriodsPerSchedule"},{"instances":[{"values":[{"value":"0"}],"variableInstance":""}],"variableName":"ACPhaseSwitchingSupported"},{"instances":[{"values":[{"value":"5"}],"variableInstance":""}],"variableName":"ProfileStackLevel"},{"instances":[{"values":[{"value":"10"}],"variableInstance":""}],"variableName":"LimitChangeSignificance"},{"instances":[{"values":[{"value":"1"}],"variableInstance":""}],"variableName":"Available"},{"instances":[{"values":[{"value":"A"}],"variableInstance":""}],"variableName":"RateUnit"},{"instances":[{"values":[{"value":"0"}],"variableInstance":"ChargingProfiles"}],"variableName":"Entries"}]}]},{"componentName":"Connector","instances":[{"componentInstance":"","variables":[{"instances":[{"values":[{"value":"Unknown"}],"variableInstance":""}],"variableName":"PhaseRotation"}]}]},{"componentName":"ClockCtrlr","instances":[{"componentInstance":"","variables":[{"instances":[{"values":[{"value":""}],"variableInstance":""}],"variableName":"DateTime"},{"instances":[{"values":[{"value":"Heartbeat"}],"variableInstance":""}],"variableName":"TimeSource"}]}]},{"componentName":"DeviceDataCtrlr","instances":[{"componentInstance":"","variables":[{"instances":[{"values":[{"value":"5"}],"variableInstance":"GetReport"},{"values":[{"value":"5"}],"variableInstance":"SetVariables"},{"values":[{"value":"5"}],"variableInstance":"GetVariables"}],"variableName":"ItemsPerMessage"},{"instances":[{"values":[{"value":"64"}],"variableInstance":"GetReport"},{"values":[{"value":"64"}],"variableInstance":"SetVariables"},{"values":[{"value":"64"}],"variableInstance":"GetVariables"}],"variableName":"BytesPerMessage"}]}]},{"componentName":"AlignedDataCtrlr","instances":[{"componentInstance":"","variables":[{"instances":[{"values":[{"value":"0"}],"variableInstance":""}],"variableName":"Interval"},{"instances":[{"values":[{"value":"0"}],"variableInstance":""}],"variableName":"TxEndedInterval"},{"instances":[{"values":[{"value":"0"}],"variableInstance":""}],"variableName":"SendDuringIdle"},{"instances":[{"values":[{"value":"Energy.Active.Import.Register"}],"variableInstance":""}],"variableName":"Measurands"},{"instances":[{"values":[{"value":"Energy.Active.Import.Register"}],"variableInstance":""}],"variableName":"TxEndedMeasurands"},{"instances":[{"values":[{"value":"0"}],"variableInstance":""}],"variableName":"Enabled"}]}]},{"componentName":"AuthCacheCtrlr","instances":[{"componentInstance":"","variables":[{"instances":[{"values":[{"value":"1"}],"variableInstance":""}],"variableName":"Enabled"}]}]},{"componentName":"AuthCtrlr","instances":[{"componentInstance":"","variables":[{"instances":[{"values":[{"value":"1"}],"variableInstance":""}],"variableName":"LocalPreAuthorize"},{"instances":[{"values":[{"value":"0"}],"variableInstance":""}],"variableName":"OfflineTxForUnknownIdEnabled"},{"instances":[{"values":[{"value":"0"}],"variableInstance":""}],"variableName":"AuthorizeRemoteStart"},{"instances":[{"values":[{"value":"0"}],"variableInstance":""}],"variableName":"Enabled"},{"instances":[{"values":[{"value":"1"}],"variableInstance":""}],"variableName":"LocalAuthorizeOffline"}]}]},{"componentName":"LocalAuthListCtrlr","instances":[{"componentInstance":"","variables":[{"instances":[{"values":[{"value":"1"}],"variableInstance":""}],"variableName":"Enabled"},{"instances":[{"values":[{"value":"64"}],"variableInstance":"SendLocalList"}],"variableName":"BytesPerMessage"},{"instances":[{"values":[{"value":"0"}],"variableInstance":""}],"variableName":"Entries"},{"instances":[{"values":[{"value":"5"}],"variableInstance":"SendLocalList"}],"variableName":"ItemsPerMessage"}]}]},{"componentName":"TxCtrlr","instances":[{"componentInstance":"","variables":[{"instances":[{"values":[{"value":"0"}],"variableInstance":""}],"variableName":"ChargingBeforeAcceptedEnabled"},{"instances":[{"values":[{"value":"1"}],"variableInstance":""}],"variableName":"TxBeforeAcceptedEnabled"},{"instances":[{"values":[{"value":"Authorized,EVConnected"}],"variableInstance":""}],"variableName":"TxStopPoint"},{"instances":[{"values":[{"value":"1"}],"variableInstance":""}],"variableName":"StopTxOnEVSideDisconnect"},{"instances":[{"values":[{"value":"Authorized"}],"variableInstance":""}],"variableName":"TxStartPoint"},{"instances":[{"values":[{"value":"1"}],"variableInstance":""}],"variableName":"StopTxOnInvalidId"},{"instances":[{"values":[{"value":"30"}],"variableInstance":""}],"variableName":"EVConnectionTimeOut"}]}]}],"version":"2.0"}]},"evses":[{"connectors":[{"connectorId":1,"status":"Charging"}],"evseId":1}],"status":"Available"}}